PIDN,Ca,P,pH,SOC,Sand
09gt9UK5,-0.6111334017846834,-0.22390046615399672,-1.1354611069693918,-0.664867211316313,1.235811614114728
0BVvxJ6a,0.3847412541476283,0.03999117128929708,0.8094876590152991,0.12805689295241862,-1.3837565466696828
0KbdgApg,-0.12870364553128777,-0.25210720186320135,0.04665165049436393,0.1251651981871298,-0.8592843587270904
0MnuuduB,-0.3528441437037477,-0.30178160883398153,-0.2493790521374466,0.5323815281342341,-0.9571779063196386
0PcIsF9z,-0.42354478661917394,-0.24533955734435597,-1.5466748145121345,0.17529834333794625,-0.0855563273303046
0ShTFLYJ,-0.37324550412648616,-0.46697790979866216,-0.6221974155070074,-0.7170134373823025,0.5186933265365683
0XZh9jka,-0.6459247411618767,-0.18322256469733578,-1.1649881926508714,0.940042015322085,-0.6998117285906842
0Y7Wegri,-0.3084806966006104,0.1340974845535028,0.20486430152902368,-0.1000265629633148,0.1918661949037146
0dTqplIM,0.1569565255580878,-0.22199365423287976,0.37407211509354976,0.3186373937388929,-1.1264800825227708
0lNiZicC,-0.518963412375057,-0.2959599525242185,-1.506659918490418,-0.6860098731061228,0.3678097904918518
0rGeJ0QN,-0.47312511224214315,-0.04684128087300099,-0.7231682776921433,0.08749182014819823,-0.15094239065556803
0sXI9ytQ,-0.5321814701229064,-0.2961585959097066,-0.3474074865304191,-0.6924352238794889,1.821609225300695
0ukt4aP6,0.6879544346997486,0.04672522854726946,1.1285500601361447,-0.8657004950786558,0.26472622471671503
1AGspb8f,-0.37783444220843787,-0.46591911147257736,-1.1874222183208802,0.08905898936772516,-1.175625429388087
1Csy0gvE,-0.4007941165902471,-0.19898488001596082,-0.14189209989104246,-0.5868362415093529,0.6495080847311288
1Ic2hly1,-0.355767539517557,0.021760351336719275,-0.48379115757075386,-0.12945930583887133,0.45385475343382087
1PPbaTwt,-0.36396553178036495,-0.13800583425703383,-0.37078163103035866,-0.5810524709259006,0.6854050042277509
1SO5VJNy,-0.30914243467708413,-0.09084672353791223,0.05525441068607062,-0.42431701001203237,0.5988842216269363
1arHxK3Y,0.8228566620874185,0.3028298850212776,1.5248590870432919,0.334865299014492,-0.26766289646921404
1fCW4Bba,-0.3979802924139326,0.017915007333921373,-0.4956862763634762,-0.43953997621107277,0.5146353106995507
1qDZNvIm,-0.522779177092672,-0.29805711378461286,-0.15261163822606694,-0.7301046524014296,1.3022270982059085
28LYJC2V,-0.35337015550925255,-0.1823148070218723,-0.9209027312379066,0.6835696401101536,-0.7906096950421029
2CzACvQq,0.5805262288544677,0.0663718404353757,1.6579294775335667,-0.2700074681714284,-0.3893139335003566
2FT3crfv,-0.27913312629544773,-0.33171803873952843,-0.13592349327450837,0.2328555765160516,-0.8447159918987195
2Fy2uHVg,-0.4557181660154006,-0.26032976911520667,-0.5425882524466532,-0.3729322459190989,-0.577761678168808
2MkMEApm,-0.36540562168812496,-0.1644495700718709,-0.15630593518210834,-0.5839256986193817,0.9716944119466193
2NDGWEOe,0.6756405507756549,0.2110098454542948,1.65032556513665,-0.7654639667090457,-0.30213304581557576
2NyyCiqn,-0.3163633625919706,-0.10990335296393017,0.022222215224696917,-0.459957239756438,0.5729040141327646
2QRzIb84,0.3394342365006091,0.19516252563945624,1.5059857875219178,-0.46205142093640816,0.3142181462154854
2QcbdrUZ,-0.5898135645903144,-0.2709314700746619,-0.29521183213478697,-0.3694563520530245,0.6588930113178053
2YgAimWK,-0.31388270936503115,-0.1263978021995955,0.0030985577495767913,-0.4898920063590886,0.7472478802243545
2cx85d9H,0.08639563719947407,-0.3761604784945449,-0.11250467680873033,0.2905864134883025,-1.1138425592892913
2homMXMV,-0.4318983348879888,-0.05565269587706201,-1.2395632716363751,0.10164133606274817,0.7628820749582887
2ldLrUtq,-0.44043576472409907,-0.41124483008903656,-0.4965485434299852,-0.6129057186733569,-0.1933556071300968
2nsACW6G,-0.4130227041673029,-0.3659072137074064,-1.3212256432348157,1.2113870025193911,-1.1611179137325776
2yMbVnWc,-0.5086966120172169,0.37744822180021753,-1.8528429876392964,1.8870622067429323,0.5686001626933335
36r8sgGQ,-0.3598863925523679,-0.2504373036108847,-0.05710998149220803,-0.6474480660733946,0.7425093132780107
3NXAXCl3,-0.5082626988260577,-0.4170509221690155,-1.246834857998242,0.46621608014277527,-0.8836916133717336
3QG0z6fl,-0.4590527527174677,-0.2555533854784118,-1.224570536320475,-0.513369102337105,0.6750545140275976
3WS8R9qm,-0.3177096290154955,-0.5077696374621938,-0.9305669455239967,2.626793604960344,-0.6815454136144394
3fRLm8f5,-0.32804843784612014,-0.08365524900822141,-0.4506066343780093,0.07875800274511846,0.3968638730061871
3mZhp1nQ,-0.5356351930802807,-0.4254222466088651,-0.41638130325668943,-0.6193588761443571,0.9357469120068531
3pikJXRL,-0.45850373655451815,-0.29737108155680847,-1.2374265422428197,0.4235047636257008,-0.6731833269766225
3pxOEGHL,-0.4486706701408698,-0.2219805152953187,-0.5004934002881827,-0.6861260814438772,0.7873239059748771
3ttdV3f5,-0.5184676067341902,-0.22397031810013335,-0.43708637385680493,-0.14140912561812158,-0.5498661802014153
3v4X6Mfe,0.8484612565334269,-0.13616413942614702,1.5119724738240121,-0.7689153291880011,-0.049064711994314614
3wORuPiv,-0.6302395075323934,-0.32007414354192054,-0.7525122117602949,-0.1394145109656435,-0.9519474481943275
43EfrxZj,0.05419273588489748,-0.27251191880410364,-0.4099255384893512,0.3556381213887825,-0.49525450296480766
457Vwm21,-0.027153123653476108,0.06698757406897027,0.3405320768111961,0.48318877101053204,-0.708540100506279
46KNnOdx,-0.4432806275521548,-0.13047806364162273,-0.9732183035081379,-0.07691923039076087,-0.18300982639048424
47TwNsVC,-0.4506343059343285,-0.5929825288128869,-1.3866846095177197,1.7465719122203467,-1.2638196325006943
49856RpO,-0.40083334725858233,-0.4161124273723873,-0.8501056578380757,-0.5526648765560118,-0.7111405399121891
4Ane1o2N,-0.37698765679948476,-0.3288732236144698,-0.41597295899555764,-0.3882747248030576,0.14990603106573008
4AyVUgSc,-0.40337981162957615,-0.25322310192965336,-0.5705438824644533,-0.6922646735268394,0.24039299574407824
4B1951On,-0.18082365241701748,-0.1717421973014881,-0.0702983788864957,-0.27566013889625296,0.24260885968444246
4OL39Teo,-0.014729497538325198,-0.10317541949624331,-0.2464849321037308,0.3879052703276358,-0.27168585736977047
4eQ90eLY,-0.08113235081231007,-0.06840231049583156,-0.25536401077625204,0.4454113619980298,-0.3015638183344249
4o5jwMj8,-0.34861585628271907,-0.3943122073638152,-0.5931830424228837,-0.6939513849083667,0.1614711680492933
4vPgpl2c,-0.40958440578566435,-0.4151719535143785,-0.17915835076633346,-0.7881920636718434,0.5700825194883423
51r9aA0d,-0.3304725648244462,-0.35606248249215344,-0.2998637927489698,-0.8409848888537326,0.19556001384366528
58SmeRoP,-0.27349282680967146,-0.2640277667844986,-0.18891766669731158,-0.0005058534132800219,-0.3360844272363961
5HJp1AXn,-0.4221976848299951,0.025407260607233972,-0.9146154756222176,0.6541878450801697,-0.2674676403649796
5MBZW7fx,-0.058460552210418903,-0.06774914807275412,0.8371227720315302,-0.560844291081839,-0.024903270049075665
5Nq3gHaP,0.24782746912109221,0.12450264801881428,0.10978624115261493,0.7744033571115523,-0.16756663639885527
5RmwFFK3,0.7235229153823761,-0.05221369885967864,0.04758970705779131,0.3269733759788238,-1.3710767981814156
5Tu5Jbov,-0.46852536391150945,-0.13349317831106067,-0.5909552557649294,-0.16413381471961586,-0.6574624786503405
5YEolkev,-0.3386485881201784,-0.367254947822663,-0.3907046343676983,-0.5526385522137254,-0.3477498486320014
5a8sf6QV,-0.07991175475677803,-0.21526266107119785,0.5476004849806442,0.07754151099894457,-0.9648132578223381
5eSvmqYm,-0.3508468383383265,-0.29618533152214344,0.08738402693642922,-0.3893419295153606,-0.3146387159095907
5hkN8fiv,-0.3141324236466394,-0.24942901592195188,-1.1549703040419717,1.0135871969904429,-0.5649826511324632
5oK8Gti5,-0.5769377808194909,-0.13922271744050807,-0.5508877376761392,-0.6249526765832378,1.350228294174845
5paniGaU,-0.559648248067389,-0.1994047566456958,-0.9572131879519974,-0.8331648827319817,1.6309761275865826
5vsr7ZUP,0.5108186547230966,-0.18370306702937444,1.0053317531973063,-0.23357837794169,-0.9856815002819799
60B4xMWI,-0.3426114658867041,-0.010142320559258344,0.47680460552259785,-0.8561770545763281,0.7866014916129602
64jOUtKy,0.24005688530832092,0.150590556880128,-0.04808474707772792,1.9414939362699322,-1.0780294427018857
6AJo4xNG,-0.45186047535759055,-0.004971221484798782,-0.599937443581898,-0.024818195451377534,0.3620613943877702
6CAvhEte,-0.3753103314838304,-0.21555184310947073,-0.5733367745316444,-0.3695545366749684,0.657922668019542
6CuGYjT5,2.658774100239442,-0.46587012157786933,1.8128124095691147,0.7165380315691081,-1.2546016665777229
6DGH8ujZ,-0.35200976040169873,-0.23389723515416438,-1.281136510219203,0.28987633483937714,-0.2961039872699116
6PzsGdVm,-0.31668441471236886,-0.14632597396624636,-0.6939217477572628,0.4161442324348421,-0.07830819356602614
6UcSJMbq,-0.2947650479606514,0.13602260592639492,0.7915328915587407,-1.0960755248638385,0.5526640692007918
6WJbkH8U,1.2334314388309062,-0.3315933937038027,1.6340979815802212,-0.20890625996006307,-1.3114809558195288
6eUWsVzw,0.3996891236906217,-0.09494939398021973,1.35129442834545,-0.20979859266231315,-1.328612102517563
6gNyO7Do,0.05391847821243889,-0.21558933968745908,0.06355048266322694,0.5278833862697638,-1.0697200250499277
6jT0AyHe,0.0839240920149118,-0.4057966485785629,0.30562756687754256,0.3342023968134207,-1.3297351135353024
6nBgCvWu,-0.5635050061491134,-0.2952595799078255,-0.5502587263172289,-0.4874155056088476,1.1782158646642715
6ro5mqg6,-0.3227796181641329,-0.2186500573490422,-0.008828465123092322,-0.25207111751621625,0.3030893490651083
6sGqObX4,-0.5774830463287222,-0.2864756797322672,-0.600753891219374,-0.45943016753712485,-0.9877195752842267
6uEGy0n4,1.8173254973148127,-0.022674859902541478,1.8780917934955097,-0.7656041650545333,-0.9010970214514868
7BZ4LxP8,-0.10688135317542358,-0.3485539513469904,0.05826722201322365,-0.59829543294601,-0.6621105461124257
7CmigXKi,-0.4581633319829157,-0.22952755119562074,-0.9893183488306976,-0.58128067069023,0.5696901207480964
7Ga0LpfR,0.616739299710674,0.3983344746894444,-0.5172371608966886,2.147372307366364,-0.7583643236680286
7PQsFvsG,-0.3944217769794127,-0.15632254634855247,-1.599833961450945,1.1498440287002047,-0.03670157013855668
7aF7nnwn,-0.5069216380224466,-0.3262007395750617,-0.7705649561553445,-0.8294704138622073,1.0894834964240276
7asGzfX9,-0.24409204860654565,-0.2407386283987636,-0.36927908511211616,-0.3353708877507593,-0.020852374878340463
7cg7C92o,-0.17337724791712983,0.11356068260030394,0.14215892679612363,0.7702390125779282,0.19498761993806557
7eOxTpsB,-0.4264955353691553,-0.04691149232624969,0.6649498308705644,-0.5713257504692635,1.188007258805233
7ey0v7ma,-0.4861236950353591,-0.4238164214819209,-0.9569796756056848,0.14260524310567035,-1.0437049989669545
7gocyrYl,-0.2804508202864886,-0.03976413187379979,-0.2748795597781326,0.7220695438204849,-0.17200642479051975
7gqR3GoA,-0.4163180284251089,-0.34941535192516415,-0.580377850804898,-0.5043463585920769,-0.4939269197868539
7og7aUXB,-0.1556008902223871,-0.1819406276625033,0.1457422747970396,-0.058143905970222676,-0.19939930773055448
7onRfa8F,0.18602830469666376,0.07093710922375873,0.869387228257092,-0.22753849835171636,0.7818085173769491
7umkNuxM,-0.16728353994454803,-0.1984517246726556,-0.14475180883278416,0.33149710787244757,-0.5739849539271331
7vPr9ExD,-0.07362804260679834,-0.23426145440672475,0.36668739998423927,0.05052859755394579,-0.9743057512413129
7zNjpCzu,-0.46659381766192976,-0.35194681285773743,-0.239737929883181,-0.18678248457630175,-0.7446411788476821
7ztsQNj3,-0.3784404326132167,-0.26207672159686,-0.23861822812660183,-0.12078202476921973,-0.6777585063984857
86gppwMI,-0.6249845252402215,-0.07452162504776982,-1.5508643311037575,-0.5554817909487149,1.1997815016250302
88thAGdL,-0.29562700278171317,-0.2916270241156882,-0.09945103341863604,-0.3676853729492606,0.028187214769464397
8GhU8STP,0.9200678046650532,0.019675027207052942,1.3831367618691912,0.31473961701634323,-0.6188500449722865
8NlzDcWe,-0.33946317954729377,-0.25888924294841775,-0.8099963816805529,-0.7125496792775117,0.4057589362949061
8QAejdLW,-0.18531298656881656,-0.20753097871650983,0.01615457580100621,0.1805877112181662,-1.0417812604809837
8RDeFxWM,-0.27982602864818684,-0.19190360771066128,0.18396592599139705,-0.626415048034545,1.195666052567863
8UXP2NBS,-0.5423642372799682,-0.35493567673362225,-0.1818942558362595,-0.5511897378118,0.4971245284173351
8ZoV3KGT,-0.32340907862231827,-0.4346680917983905,-0.025455978333075002,-0.3599835897150996,-0.5519219059592428
8ajs2uG8,-0.4317164321168425,-0.39824376051789034,-0.6301884520663679,-0.43944914751167374,-0.7834537274888858
8bXnz62p,-0.24835463924972512,0.11776661288441925,0.18344428970010096,0.30076785591813504,0.6401357092044195
8nO1O1LG,1.6149173025077639,0.1006947402667846,1.4999894143649,1.4925232059987223,-0.9636227264519261
8xE1p8g8,-0.5322342155032507,-0.17053928553335584,-0.38871100517133517,-0.448608741744156,-0.3430647063050669
8yMDVMRM,-0.4785721021364102,-0.35262525504871167,-1.128880955685081,-0.6277617697025768,-0.4970310684275132
98R5VaPi,0.564844064161492,0.21416905828729238,1.7647244264245456,-0.9141426438465565,1.218266418783533
9DcTz2Ua,2.510315780643908,-0.07594752407786576,1.8891207904587146,0.5393337592289988,-0.8882501050247624
9G7nfUrK,-0.35024715528828576,-0.13325858535259716,-0.4208797288613413,-0.46793859250234604,0.5578504955704107
9O6GZ1HT,-0.11907899509588926,0.11519532779376629,0.8634819232360043,-0.9203251213979726,-0.1066443285745704
9S7fCoAM,-0.610642382990874,-0.22198893882310688,-0.34909784763283813,-0.3956998522255759,0.7647564288282824
9iQwmFJR,-0.36977646444409995,-0.1662171070890155,-0.3652534819849551,-0.6019847123234854,0.4690642912795697
A3Mt6SAQ,0.9862010312085099,0.3332443455405736,2.2291625626411316,-1.1979568863650378,0.48231167915800643
AJIsQIcV,-0.41911488103499916,-0.2294983101743684,-0.7602863600553791,-0.3504279260177974,0.5881596385260268
AMHKXMh8,1.710603993532744,0.2431559278186013,1.918206375876248,-0.5506949697990713,-0.6336791706453182
ASwA2J4E,-0.2409742069731342,-0.09961702099602565,0.2562920874487373,-0.40217428191336424,0.5654512949353334
AaFvEoHq,-0.4477910010352266,-0.09756449546674606,0.22367281193111932,-0.8283186042007209,0.9517259826592595
AiIPD6hX,-0.13662893409826804,-0.20008396619156077,-0.7206180467752619,0.49017631029089515,-0.5478711717321216
AsIURvJS,-0.4535413210979291,-0.31757248406976135,-0.7523178423564376,1.2379703304165943,-0.8227684390276222
AsvgbJ0C,-0.1985694552445798,-0.10291054266477762,-0.5342773869036863,0.6925006877646958,0.19948440122108924
AxEhbkCM,-0.45544208472250514,-0.44538292434802873,-0.6996028794270659,-0.7383446684904342,-0.6616502939146853
B7VPkIpx,-0.45415457017742167,-0.040606753499820236,0.3834287654814217,-0.8473487494089582,0.8854053161601501
BBwHqHiH,-0.07316262131752094,-0.48236277315655673,0.1965714285504374,-0.03519004418948768,-1.0969019720762203
BMyps8hr,-0.2788978142246483,-0.4341151039515454,-0.5087542289202291,-0.3425383093801919,-0.8670325026977066
BUHS4dQw,0.2968186831868147,0.07499003825327133,0.12346768711688139,2.6953025117403406,-0.648657008994614
BZB3EYWQ,-0.23196668326778447,-0.08069028907121822,0.13318926988335544,-0.348901588281862,0.6647544386348914
C5UPCZcL,2.979200726437683,-0.3402917990146408,1.9096194754083582,0.972039917280723,-0.9016829142930005
C5gIfQbJ,-0.49796396762934503,-0.3294537711315444,-1.6309682342479208,1.2346745036530464,-1.0917162901959996
CDRuu4Pn,-0.35394993970118005,-0.1930949597622531,-0.15051146965641227,-0.579679466172994,1.0095439378400402
CQhTYkqE,0.6100553921687046,0.1279246164663972,0.6145802230561186,0.42884465078071443,-1.6852895604745113
CSEobMXv,-0.4773752916710796,-0.3950995462959428,-1.2073632750614296,0.4168959647400534,-0.6218185874923661
CYMQE4x0,0.09340985652608058,0.24430618935556492,1.3178652878922277,-0.2237157633262008,0.5927853607868387
ChQdtl4J,-0.5139395550494887,-0.418837919189774,-0.2783922783326078,-0.5946967979078792,0.6608208490998964
ChnD1nrN,-0.39979807453613514,-0.3138926345493802,-0.9248237078180681,-0.7701728914202057,-0.019365333348427605
CvtbbIcq,1.0797585229869933,-0.00394570298582142,1.28313252444877,-0.2576477702841906,-0.0694889181550975
Cxk06b77,-0.15012835345527176,0.002336937038843523,0.44497856004545167,-0.0730699181069916,0.2578055478628771
D3QD3ZEJ,-0.14372581784715432,-0.11573399821762553,0.22841753643160256,0.34360298742729967,-0.18428028219407633
D8J5C6lA,0.6308510238448557,0.16188353044773418,1.0542026553140387,0.031053464552496024,-0.6472125744814816
DCeQwYfT,-0.15465001199169048,-0.1647964072954311,-0.3598630962156948,0.17388557816093098,-1.038364103142139
DDEftkx3,-0.5376785010209337,-0.14381722283397824,-0.8746472960431264,-0.7128563747349688,1.3198671762602503
DEwCfeDW,-0.5153294874103826,-0.0690840945920046,-0.23210395881563262,0.05774373168058489,0.6083574673040362
DMkIV4oL,-0.42154318061176266,-0.263529708677571,-0.7277439456246428,-0.6261919634460504,0.4334169984145051
DnzGfbxS,-0.15427303337850073,-0.38342786157037256,-0.20171448723181573,-0.10477801246313234,-0.7983275830817815
DoZxo6f6,-0.34632149540476487,-0.3431113779389863,-0.0833435733577561,-0.7310184550680496,0.7345191913609783
DvhBPGIk,-0.4369579763849165,-0.33122309708031583,-0.5455649188113556,-0.3753081993787184,-0.4013062489344561
Dx7GoUcT,-0.6322640988007029,-0.3971006778920456,-0.6750309269659782,-0.6054311362232028,1.3493698973836858
E5hIjohO,0.4721631493982281,-0.3198357562048715,0.037001984085800466,1.0930926527335103,-1.4610136482685716
E6x4XGHt,-0.495762913101486,-0.09034132022899133,-0.4504340355998737,-0.524557250098848,1.1445739452670027
EDEpAzh1,-0.5787480900330015,-0.24137648866625216,-0.2946114856174562,-0.5039692422181403,-0.8601768531144485
ETGudkQt,-0.3380624178515168,-0.2059754646807379,-0.22211078397481732,-0.6064250393696256,0.47017736954321254
EUleKrLJ,1.7261632401952633,0.15018222674617743,1.8080914168407345,0.42487496238335964,-0.4491480866831621
Ehw2Jz6s,-0.36728985873190734,-0.3122267782827395,-0.20287962121483805,-0.5858563088416382,-0.2743247653776093
EjqzC4zH,-0.49246682183962687,-0.09537003022129387,0.08006898818495767,-0.9189647491834414,0.7269060939890055
EkMZO3Qj,-0.4830413208978248,-0.2543117674537472,-0.3924134319544281,-0.6453648945818635,0.7895739153493837
EnoNXWvU,-0.265603532204465,0.1634318723216337,0.8314601074202939,-1.132636801862379,0.49915242224871736
Epv8ANwr,-0.2580532444719088,-0.17613003913257774,-0.3609471865838758,0.4502689081115214,-0.33090037504016845
Etro9j0B,-0.13843038994917745,0.15362404132823837,0.44142107274103193,0.29153635301723924,-0.03954251571335998
F3MIZj76,-0.3076579882466026,-0.353274618126453,-0.7101940090761945,-0.19969437684146385,-0.9096127354705272
FB8tU00K,-0.39449890612576066,-0.16421982208968178,-1.0216170470782844,0.4694967356759143,-0.6514223454354164
FLhxBGMK,0.1222786432431926,-0.18966499893568756,0.7717975525410976,-0.10986454878403151,-1.1527524067829331
FRreR8ka,-0.4819645965179111,-0.32661039743837694,-0.5688562308931795,-0.41924392383147335,0.6327096464761057
FXne4oAV,0.5272124934164717,-0.030717008942507285,0.7963809821079577,-0.3331020642093634,-0.7960810268695964
FaW764jk,-0.2883397560453309,0.021695611183043972,0.49341169013450337,-0.22370857754599527,0.2953648922277994
FeAbMXly,-0.528166620449098,-0.2742611996901916,-1.2818419373860523,-0.6928720211932209,0.6781161303058711
FeudaFXn,2.0062018879178263,-0.09181430552022096,2.0092659754321813,-1.2361738030464764,-0.7549853520612073
FldUmFeM,1.2829809859900374,0.04819197420485022,1.5680876885352246,-0.9923958256067209,0.36044246057624196
Fnv5tfAm,-0.37465579578196095,-0.16761912114410382,-0.3587728790715845,-0.0493431617627742,-1.065062717808682
FvrAd3Or,-0.41659384367636587,-0.13486523808697815,0.6668493781819462,-0.8878989515014482,0.7342880085447137
G48zHffi,-0.0021065933164541306,0.10727646711378735,1.485143927450845,-0.7783417543527484,0.7452159957412237
G76zCv5N,-0.37125392395142764,-0.3420734417177629,-0.5290408676443166,-0.4365266273671864,0.07071722538309633
G7JGUdNf,0.06344686840924485,-0.4382485554595279,0.49551469081029165,-0.025842111287886382,-1.0304891008405361
GCo6MONx,1.0256992883726648,0.056326075267828735,1.3606647029758916,0.5392366460508313,-0.8242292974306151
GE0vbpVQ,-0.2069092449766563,-0.0448932427589499,0.20658015343382896,-0.507370971735746,0.6135774387370434
GN0DfOqt,-0.3402069207951959,-0.2170592420439208,-0.42345914229747894,-0.4801440462493929,0.31226280364878267
GNsTAb1v,-0.5906542671514776,-0.49613043183481853,-0.7735664581858872,-0.4190522123381015,-0.9685510722388058
GPwmO21z,-0.33247468713153605,-0.35187239468044584,-0.5036207706992899,0.07739023012705104,-0.5464053318736246
GQYpfLoh,0.7510796899592274,-0.008179003318706357,0.018138972394917907,0.7219060360143992,-1.1112171919529414
GR9knT8n,-0.3614265921865458,-0.15740907381453884,-1.5027025808135521,1.0518537642299641,-0.08079285359518007
GXtFFbZy,-0.06500715261876078,-0.15659327678659896,0.2714479343967424,-0.04404763136590262,-0.05107223790865145
GYvzvvFD,-0.5553082321998195,-0.21039601017313192,-1.3141819701520534,-0.5067340584726061,0.25404720175005924
GemPjTJ9,-0.5685293557242508,-0.324700988552455,-1.682940039748364,-0.017884318603840654,-0.9621421962481049
GkLYRm1K,2.0983110264448337,-0.013550651079104803,1.9223413271720302,-0.80145795391471,-0.9846101162439522
GmlqP8eI,-0.389442627077357,-0.368564894744428,-0.6691453993863705,-0.6933243933541355,-0.32610503094336263
GqkIrOvf,-0.4644723501347121,-0.2523399755248521,-0.9995935488440226,0.5617164716484808,-1.1195687774963785
H0fsegPi,-0.5437712216723289,-0.2843902256761668,-0.27724413217732025,-0.5537065257432552,0.6627492485175894
H4dHpJjU,1.9072006793396108,0.0027777263396400187,1.599563208035188,0.5367817184837911,-0.909160321102358
H5QwJCuU,2.290894657183629,0.5290691010506761,1.9248513978149004,0.7407873989569111,-0.468336528304671
H5uwmSZ0,-0.45698546775605475,-0.29546389548014407,-0.4399536445869261,-0.732304688099962,0.764161372859026
H8MtbVoL,-0.15358352067340686,-0.40934408845752035,0.10575095155752035,-0.37314062314382923,-0.33108958559351276
H9JrUYnp,-0.469338392239421,-0.2306860112145488,-0.4214658242008271,-0.2314474865594498,0.6603352347495006
HHYmmHVk,-0.4430587116551683,-0.28632987287281697,-0.5821040874475374,-0.6810689164634276,1.4744439021805151
HJ5U4uqL,-0.5918369577219087,-0.2899391138846896,-1.4297296174744405,-0.5848747041848092,-0.12437514217695433
HNQxYc4w,-0.22995215394456547,-0.39345931301923986,-0.26991640702533903,-0.5243784527249638,-0.27933948236668993
HQYhKHZ8,-0.49303644078366826,-0.23633376499279724,-0.5623379899420842,-0.4889927291325975,-0.07976063254839527
HSCMx0MC,-0.33449847279206235,-0.1640456247488702,0.19489461440707156,-0.6795238891085837,1.1539333329676724
HXYuE0fx,2.0308254584212486,-0.19486242898736794,1.5908663412437773,-0.003927966235824698,-0.7941250068233598
HdKcxEWr,0.20032511756079519,0.22696873221715475,0.22127252966015032,0.4879320332334274,0.06487724592320365
HecW1iCC,-0.6870973513231879,-0.33895076725108186,-0.6145271904098353,-0.6762720220494032,-1.0953120348162697
HpbKB8rv,-0.4565736109498735,-0.3221809131410156,-1.5469390825989011,1.1647926028854911,-0.42157464223701435
HrkoYjCg,-0.042729336409990104,0.011612104436802717,0.021571107891186436,0.9975523030043156,-1.0700370078944657
I5P2uquT,-0.26383980079168534,-0.1756186169310796,-0.08657938483009264,-0.44900382111325143,0.4185241418239416
I94qkDM7,-0.5543375310456318,-0.2443863670671691,-1.9218603194624437,-0.6149290283976931,0.4469061299359014
I9sQbtt8,-0.38344585831640554,-0.25718657736107264,-1.40126950830484,1.8357318994193577,-0.5132681389579643
IFxgw6ZX,-0.4639797996362054,-0.31746938928612156,-0.5662315975901082,-0.49760355819781665,-0.20449112520200696
IPPPSyoU,-0.41255994662259265,-0.2644540124706838,-0.8802603198463474,-0.114846361702714,-0.7984078113388291
IQOYQubU,1.3867593537982552,0.014112663868298903,1.3263902016853946,0.05096577721283779,-0.5625989952580808
IYNE2SxU,-0.4561004733213272,-0.24015265919425577,-0.47251125902721913,-0.06448550203140968,-1.0741516896748449
IZRFk9kN,-0.16522840595695154,-0.16172094240179025,-0.14426346794903555,-0.2777929437842239,-0.16428578034922747
Iaq3v0t3,1.0006716789582137,0.3449483607554056,2.186689048189346,-1.0254994426438593,0.3538671696700435
IbVwu1t6,-0.4005842316833528,-0.28454213290050223,-1.2023094192517236,-0.07057808171333235,-0.29134603040936735
IcHKTLyo,-0.03364943949639976,-0.20172598016600762,0.19259306239450336,0.2161529053520006,-1.2425633399337626
IpW80wVB,-0.19204243131906562,-0.2366301287485486,-0.2728095796488832,-0.11362735221942444,-0.30767237799043823
Itb0PYUV,1.5459447642300015,-0.009071189413735858,1.6735071113874893,0.9834731989139929,-0.8351910405094527
J8fpSwS0,-0.5253020231338601,-0.05662363031698181,0.6839869296593362,-0.8706390447924406,1.3581412759671325
JE1SlbD0,0.7032898958570408,-0.08379317582049328,0.5308645067843782,2.031579878787774,-1.3169748448039895
JEB4McNb,1.127923188394619,-0.3069691285720966,1.4705213260781376,-0.08383580410286484,-1.3269925504961106
JEE4QVeQ,-0.20381910428039784,-0.38875646172985956,-0.1510400372263847,-0.42832441714685743,-0.8521208030239036
JJSEU2VQ,-0.53343819746891,-0.10132471769160123,-0.4525500020412254,-0.5502103809680676,1.0185923616453652
JSsVriP2,-0.19015568318292164,-0.1923637243625409,0.9201264742972581,-0.8440745966670704,0.15045726880739085
JUvQNiOK,-0.025111522355074634,-0.06027623121898262,0.29982297260209645,-0.24463574785976405,0.1553515072894429
JZbrRtm2,-0.01963166015747131,0.09080478655422564,1.043671427596787,-1.0053690338783916,0.2748403375536741
JcE9G92B,-0.1360843834506218,-0.0540141617799792,-0.2122356145968114,0.5947564675926138,-0.1739959739058845
JnNYpXHr,0.27721587645027146,0.24930195641146735,0.24206909109352193,1.884308068372718,-1.0775796083043856
JzpbnOtz,-0.5237256357804077,-0.01232184584310847,-0.2761028642476093,-0.5899484410604074,1.0415942336066069
JzzUhPQp,2.0892710182287724,0.06663403113369792,1.9601520253567015,-0.49379183611269184,-0.9946470787735775
K05R8dQK,-0.20131367926472787,-0.23812650428104565,-0.5866180126262224,0.4530698788795142,-1.1014608946246467
K17pG2mG,-0.24200921034724754,-0.23215179403090236,0.5104694139437198,-0.7122301674200351,0.45504880118894153
K8BellUe,0.08206843304543643,-0.6078265684452946,-0.03974945077675773,-0.3141403467872017,-1.6613230207013698
KJ2eH6rr,-0.0679972317105344,-0.4875499662681806,0.11149989647355607,-0.30020666238829463,-1.420051402145968
KJEJ6Glk,0.7026278739787708,-0.23889321473044323,0.5314430402527206,1.5664096415972537,-1.4634986596254107
KSbO0oXS,0.3784600846058206,0.28153168977709253,0.13254052339527345,2.637370133430373,-1.4631386104856388
KXtvmd01,-0.35577781672469566,-0.31121437796426665,-0.2840876751852237,-0.4740493129241834,0.2616082684341068
KYiJqBuJ,0.03206537019679079,-0.3476415014544374,0.847732653558178,-0.6144292476778972,-0.8224548058872001
KmbAyTcE,-0.19891348526374397,-0.11248575236382852,-0.0386082073365559,-0.3841734201607814,-0.1909035909068093
KnNyl3rV,-0.019427092546322022,-0.046218201952489046,0.9400408441290393,-0.45872016481248323,0.7716851882969609
Kp2DG8TZ,-0.4763100319683522,-0.1243202015269036,0.1349837558882383,-0.7419753868018084,0.8147368310166216
KqQtKWs5,-0.4480496895087631,-0.3158064906105311,-0.9004968375466023,-0.6318395336008855,0.46523513372882963
Ku27g63R,3.218365759507436,0.13125603353838766,1.8989358919578718,0.08186843482860695,-0.7546571151396888
L2aTVqDq,-0.4222080967925299,-0.3007068492247855,-1.1589399676042875,0.9008874651037182,-0.7607330833217061
L5jvq6G4,-0.4225060125507403,-0.19762057926962928,-0.5810227056514394,-0.7202950582068333,0.9079684372517436
L91hYVQl,-0.35075216895830774,-0.4210612477216147,-0.7359275549872608,-0.9075912136552446,0.21413716025496843
LINAMlbA,-0.5252393906571902,0.004278761130616537,-1.373657339551305,0.03414450758355869,0.39735846719761003
LJoUNXSx,-0.37524059387811715,-0.29395814670843823,-1.5869871373057594,0.22491675111378484,-0.39947708519637626
LLtSiyWD,-0.39898299957354677,-0.3873271539403378,-0.66465215367396,-0.4990772645754902,-0.25869181911444183
LQJtV8kn,0.036815387545005684,-0.23057153661765017,1.0414036293753908,-0.14697304956974833,-1.2873834594970317
LW9uddw7,-0.44168357797269575,-0.34197345418184444,-0.9601774269600627,0.9181906862133502,-0.9421351170300154
LZ6sdBTR,0.7939884955828242,0.1626710225890191,1.3137486723438725,0.2818703223659931,-0.4210744600180574
La2Vhnne,0.10145687196308106,0.02953127764132102,-0.20122786192837783,1.2699469103152694,-0.5419587939210073
LaUWSq9B,-0.03562069130754164,-0.37881922588284045,0.2615620680263602,-0.1826782579401076,-1.0626216954378647
Lk4SfkPQ,-0.8112848087326361,-0.3069461251859922,-0.7046626743431306,-0.2453706353130265,-0.8900427659933525
LllC836d,-0.1993880336430598,-0.07857737773784823,-0.4104265713900803,0.5582882112250083,-0.051506850778518576
LuGiGeWN,-0.5033034039010422,-0.10423250668489903,-1.1818064343748391,-0.4325590186554322,0.7681330668915693
LzcyHcWa,-0.4750236849327498,-0.13165680685554992,-0.7293019264832354,-0.5947043889771919,0.8988581072270749
M7veP0H4,-0.5187354815904532,-0.30015308425803244,-0.9894979927786425,-0.41387969904498334,0.7074305059540125
MB8aaJUc,-0.44990820933565967,-0.0808167614261821,-1.4234848139751692,0.5855367356260999,0.565039247208138
MDpe2zuy,-0.37798190992572156,-0.3763295586608466,-0.310152378253183,-0.32325509958935683,-0.7788969267316856
MEzdmEIU,-0.2837229262597125,-0.2511593483307353,0.024068672560697557,-0.4187740151392312,-0.015494125303216144
MVnhtivm,-0.34168358738003146,-0.3452886378882214,-0.5280755374728914,-0.20779384795427447,-0.35141514429845255
MYU7WDis,-0.3571505622248301,0.047219822502564845,0.32879562110053495,-0.810512194275681,0.8797736211673923
MZFqh6yw,1.6432912882523292,0.20009274820082634,2.1474833732559047,-0.2795434861414563,0.4076003579662215
Mdgy4SsO,0.7350734623360617,-0.03859060500341105,-0.0958782650857346,2.0952660992343723,-0.5668446415117883
Mj8awnzy,-0.3643660154843351,-0.11001331568369199,0.27169922359814347,-0.5981922453253432,1.2963930575461022
MpFPbUJy,2.0738775060527255,-0.14586575127114987,1.77174306106087,0.947739255979732,-1.2555644817316347
Mqk7MFBM,-0.3359427338463652,-0.21494013279042168,0.06512567449089612,-0.6357319364832748,0.6624457284202849
Mqs2t1Eo,-0.5515573048004958,-0.23417578032198083,-0.4533596622666254,-0.002287212634044522,-0.8863190746763889
Mv3jFVxp,-0.2635530722473609,-0.17069982503349923,0.19444295407026413,-0.09309864338578677,0.10875830458498559
MxODTXvA,0.09250125426973543,-0.07472473049577832,0.699164110828856,0.16119740041918362,-1.2432515411775098
N46PbpPM,-0.3966043852796579,-0.2566489912331109,0.31456740998441557,-0.6434660547123663,1.440688838779029
N5S5F9Gk,-0.6137992964564196,-0.20549016284886523,-2.0787869983744303,-0.5400617408988886,0.853067461428755
NLDg5fqw,0.49307363325652975,-0.1586000889099397,0.6335375538163772,-0.16370269274728244,-0.03899950956836573
NOho2ZiM,1.8191389660799482,-0.10259727220867365,1.6190731750964416,0.19915502877575975,-0.7653098627538197
NUuY7PFU,1.757786715823216,-0.0792371710631743,1.5307650558770503,1.0453518518942815,-1.265066291442035
NV1e8AEO,-0.3784697045373937,-0.10610865458958063,0.16134413900760602,-0.4754692459215768,1.0517538246440568
NZLXROKC,-0.09944174771709324,0.015788031997966634,-0.008346632295119782,0.6963959527927166,-1.1771611938434985
NaJo7C6o,0.3974490583079282,0.031611606278228344,1.044277517789733,0.09661781414886761,0.10187741133383543
NgsyGkrO,0.2158443963867862,-0.33479257072318536,0.48132842875861126,0.677045789429787,-1.433373935231411
NjOx4Zpo,-0.3151423997317684,-0.34308480108396555,-1.1295951922675203,1.0571408839766416,-1.28623143309333
NmQoI7x0,2.095105208928943,0.0865214927524347,1.8213851207657354,-0.7294760661711948,-0.4436419608158344
No4wkdLS,-0.48912706295999353,-0.3309413076113161,-1.1963089778545326,-0.6961112347596057,0.057194071236854604
NouMwhOf,-0.16356753575251926,-0.3131001239089857,0.07256640930062996,-0.3014681975622473,-0.5329110096885001
O6YAWd8C,-0.052416603896232594,-0.4698158144318869,0.22185749120967113,-0.16869128755875096,-1.1742315884150498
OAXVphSh,2.0393465842816463,0.2584241149680464,1.5601634745107686,-0.5092684017467484,0.3671008082292433
OJBBhb6Q,-0.5015454970899205,-0.373300426100319,-0.5647638033021893,-0.8126002779543562,1.360795598957357
OSIQXImL,0.6163794324842806,-0.4505274681456841,0.39650357156937854,0.34697648496629796,-1.61990101320644
OUUFc5Zz,-0.3705781042986578,-0.25279640396039316,-0.04429154744321284,-0.7502405123579727,1.014469084949174
OVk1lquT,0.09526211123176243,0.0518049403544536,0.26881804603464854,1.5382599447372396,0.2827865600305772
OXdRxjzz,-0.23397008587613666,-0.27684945571096353,-0.6962501248757507,0.2716825485602534,-0.36776898761705024
OXxW2ekf,-0.5351029126703102,-0.42456605436681105,-0.6639629825372184,-0.6242019159760375,-0.21085969102282842
OXz5OpqR,-0.14634494257569397,0.04404485367282529,0.9203009803296665,-0.4858203087622073,0.2539211502533094
OcBFW1AX,-0.6390456676146519,-0.021412725503442864,-1.9387995537003961,-0.049578608494865506,0.8223607535814113
Of9V2rpt,-0.175426334186624,-0.17573269718972018,0.1002463246668368,-0.021185737756535872,-0.6881391562217045
OfLxPhbG,-0.18970499734353918,-0.08142422499773705,0.14028028351992372,-0.08181863205602369,0.5433595004333442
Ojx2vi48,-0.48386361305318726,-0.26898346748717916,-0.8044838648000949,-0.7318589978427426,0.5425608884085209
P3M32iuT,-0.3930086134129729,-0.4141745770781755,-0.5750947251704064,-0.8087970076922915,0.1815689165912504
P7olVzrO,-0.3492690666490139,-0.23114059165951506,-0.04425715189984647,-0.38728968903604155,0.47444613179381623
PAPHErnv,-0.39047054928693026,-0.23254845289196613,-1.122707604988368,-0.07108823048799451,-0.5196630217225033
PBjEtfXb,-0.2969177435888346,-0.1541649921623831,-0.18578876144716094,-0.45363559977850443,0.4589161463662963
PZGpoBBj,1.73149506619069,0.025098823807605974,1.9791365600344717,-0.7023669015621863,-0.7812105838704424
Pc2RrxXS,-0.47053095620111574,-0.39273953246052873,-0.4917396272583163,-0.7200281912958211,-0.4153318486132589
PcHQ4FOu,-0.4560515153127076,-0.217805077186914,-0.8110074725519825,-0.2422589844038221,-0.005619051647253848
PeNyTOVN,-0.22490031182843406,-0.020667066858242045,-0.3538453053763577,-0.15065368964230075,0.28227909438375764
PhUPSU53,-0.547744658908015,-0.20047658596005125,-0.42557333898947025,-0.3232384136707189,-0.30647910942398493
PmUNeV2O,-0.5134376142303259,-0.42805805534229524,-1.273959905094448,-0.6015766348070031,0.08841622708975638
PoDJ0uvK,1.9898325504455565,0.2903953507414725,1.6362123659038117,-0.12318340133241534,-0.2388967116409999
PsUJdJdg,-0.08740511549154828,-0.05305110937141411,-0.4766709287130242,0.564715720510133,-0.3040923739905379
Q3xLFx1f,-0.3172663362602739,-0.3745967099521623,-0.5742822240043823,-0.27469694769027697,-0.7634032678188118
QBGxCvdM,-0.15514198532929324,-0.31418165904520823,0.21864721512633434,-0.21432311898049505,-0.985860701024289
QCEPyu6L,-0.41289941784981377,-0.30383071524639593,-1.0288313232196105,0.3404917006414152,-1.0497831866779093
QEfwec4s,2.9550582320686667,0.05786392773742488,1.9825618272754992,1.7872079525896112,-0.7105478139292059
QZ87Nnr3,-0.5900261579769781,-0.4603766786156358,-1.1038820939284095,-0.6115632812234395,0.9783892063791386
QlyGN9jv,-0.367068890293182,-0.18603246698379383,-0.3110765159755191,-0.40053216791727664,0.024536476282624342
QqgWE1ny,-0.4498354105587046,-0.24668976983528967,-0.3088754691831399,0.06866828890732535,-0.8082220396969246
QrjjBpZd,-0.46039479034806075,-0.3548638644721551,-1.4489615291493054,0.984683488437712,-0.4905335630340728
QsaBiX7V,-0.4192463383199643,-0.1721074254170718,-0.16523823912144042,-0.027953885255293187,-0.46506236893956565
QtBKJuZk,-0.35567707779244895,-0.15358034514637087,-0.21661335397061965,-0.3899490899981721,0.8216254516356871
QtPRO8OJ,-0.5353401469189398,-0.2427018338756044,-0.9858132044294097,-0.5706260634591942,0.5258212534449926
R8XcsFnp,-0.630298657873424,0.010515952150139007,-0.1797132659456837,-0.5503512507734847,1.7996688134034189
RROfRt9z,-0.15585972201455345,-0.3613745672009019,0.0014317118485633884,0.2725358848443413,-0.8726313903140221
RTcbiDGq,-0.4794343552912883,-0.36498734197940497,-0.7457411180580538,-0.44762281531027526,-0.09115671348113619
RVidM9g0,-0.15620589039059407,0.09576559041542065,1.4225356864233119,-0.9612236610542624,0.9715497386294105
RZnQSH19,-0.5111854936438354,-0.18389109848991314,-0.5642670138964876,-0.6681947340857626,0.9170644867758897
Rc4UK7fT,-0.6344580629152565,-0.09412185374404647,-1.2065247221736444,-0.4223474378889982,0.48936161812118417
RcKBKh6B,-0.36309599273698634,-0.11249963969217891,-0.2849401437976029,-0.34533142213272683,0.6388195382791269
ReM5kDa5,-0.13087074389369402,-0.26600041040413647,0.36361160374985513,0.11582369684785121,-1.0344806541170142
RfntsotG,-0.4506069888704465,-0.2651524964645988,-0.31449266269055887,-0.6455899226980151,0.5109410249586022
RiXMlzXD,-0.3246152885675988,-0.394777292018067,-0.48308326145047875,-0.45909415875802395,-0.5694776929520726
Rik83O3m,-0.46413064904578416,-0.265379771221693,-0.4531921504316232,-0.2804709629568123,-0.49273978710503297
S3PCzDzO,-0.2984472182752702,-0.07215378270203576,0.40120757349256575,-0.8637237979703372,0.22474179892255552
S77BviOJ,-0.4719481808468222,-0.19105949059863736,-0.7224544353244982,-0.27867764457300126,0.15267880856119564
SDdvtktF,-0.3158233485057158,-0.3961045149565381,-0.5976555395808463,-0.21029663305226265,-0.7811146921361383
SHs1AyfM,-0.2883078866721567,-0.058658290663776036,0.021986890228158806,-0.20336766407384843,0.8233394819495929
SO4zQy9k,-0.40914661161201504,-0.17580651830636373,-0.31676315167476776,-0.5058742282396018,0.34343672810520776
SOOBCoiG,-0.41081318081711427,-0.1951914515541704,0.02211640466668552,-0.5022382232196634,0.8182067029182649
SXkkPB7A,-0.4738569174429008,0.14463759912231478,0.7781245446583354,-0.4028069336646105,1.4615941582662986
Sa93dGqq,-0.5628982919443493,0.07119042187442925,-1.482525281017165,0.4432773269328294,0.7943856991213538
SonIG72a,-0.3862366004880746,-0.05450377733442213,-0.47676655481302976,-0.2429583292500901,0.12690700648092434
Suf6hIBc,-0.2921201001987006,-0.09736048193102409,0.003207744126366485,-0.49471106580091373,0.7389045879632663
Sx2JeSRz,0.016646733897176524,0.05043075854686219,0.19612045167195458,0.42948189234224543,-0.7341570958888992
T1Tlftr4,-0.278569264782333,0.008603811802994521,0.6777331989443338,-0.693882545442321,1.2995338294112075
T7ulR4ci,-0.3547150737730922,-0.2771399323070556,0.01202070417593415,-0.6860958491946256,1.0059743305024726
TA1NB3Br,-0.24512556066116442,-0.07980754101143805,0.16468657299992184,-0.4157562550384952,0.5644321955444598
TFZUskaK,-0.07249577543978969,-0.24587689773344312,0.12417891949462057,-0.3253301615516797,-1.0795155337077444
TNL8HGWZ,-0.18247313381999586,-0.31779172060968097,0.16963752322396441,-0.23358055237131126,-1.112380784277188
TZ8z1GSF,-0.3367254948945506,-0.2844959915850369,-0.3976193778918331,-0.49912568106743294,0.05135844646772103
TqhRvkJJ,1.6132340249606054,-0.2846641938505501,1.4004360091985246,-0.9877446999473314,-0.2863928897067849
TtJCUiY4,-0.558621526056128,-0.1646348062650178,0.4118182634975893,-0.9920455232233394,1.7365848474355703
TwDq0lua,0.2709579992119311,0.022960994650442323,0.9225910179269432,0.07342933969810517,-1.1147678702169328
Tzyf02sI,-0.43939380909324566,-0.05545743746600795,0.6129613831736789,-0.664240649933376,1.0353156993947055
U3yI6ZS5,2.6134905492576204,-0.12312414933220328,1.7452905070657563,1.3441383846108579,-1.0179650501928377
UBLnXZAN,-0.46171456373946196,-0.21189538934371388,-1.8479939978182118,1.7055396249052333,-0.23631275162140764
UBWDzleg,-0.3511015080793518,-0.35579026966175764,-1.0530115811435552,0.3021816300754665,-1.0448849202605102
UBqkX6SY,1.5223077436008348,0.04314428859251063,1.6965199461687872,-0.407904591079582,-0.771903825672875
UCIAi1Aj,-0.6007107076357547,-0.4943406069121794,-1.4968208742379874,-0.30999294213203044,-0.1991051223022664
UPbXGvCS,0.025730243084297832,-0.3757375407653045,0.2547109575024207,0.019956912152551354,-1.1128325661700087
UeWm1l9F,-0.23803155354443017,-0.1268827900429743,-1.0050246343595335,1.2256834780160553,-0.2943391079499902
UhucscY7,-0.5303343832095484,-0.26454579202644357,-0.1514763220800477,-0.872825910757765,-0.4237973347841075
Uri1SvHV,-0.06248283554890488,-0.33724390666944704,0.31997901643478155,-0.039748197080786696,-1.2691337590974667
UzxipGJS,-0.4425094916760477,-0.14245454530638302,-0.45597205883291725,-0.4131750036850903,0.44654899165927464
V74zfaAQ,-0.20022972447594523,-0.33480232302693924,-0.045739746450185415,0.028669628522607127,-1.0512774060605166
VBPxBLTh,1.6223829279068136,0.02264541717519375,1.6663804335589658,0.6598960310101099,-0.9042183960145662
VLG7CXYS,-0.21786670018246834,-0.026240812320371454,0.07822344876307863,-0.14567941200200707,0.5399164002245884
VNk52SpF,-0.47381378492792603,-0.5614641506257714,-1.6478344135795213,2.032064942146139,-1.1459646424820944
VOREKsok,-0.5402940279013242,-0.16865526519908247,-0.6344409970394098,-0.8401750174379039,1.7673748458155574
VRhTr5pX,-0.38916447929983544,-0.46043722336256554,-0.30588234382549206,-0.654760443423676,0.10140651237033627
VTcG4Kcw,-0.2699888605630454,0.12173006529584551,0.684036419735885,-0.36808919069398627,0.8402834508344954
VeKiWSbS,-0.24800354245513656,-0.12852101028139362,0.0791668232721987,-0.39981615510322044,0.3671674854519056
VnU8nJHU,-0.3331169465806729,-0.19668068316517395,0.013319285241204959,-0.20971580791449895,-0.1350269003388389
VueNCxYv,-0.5625392252144925,-0.1367088478073457,-0.7256056035385017,-0.3127825924795147,0.2720308800094431
VxuQTRUl,-0.4798463124524792,-0.335192055828462,-0.13337398267288325,-0.3695436966283445,-0.46629736510247266
W5lgaocA,1.053122513261827,0.2922984258222767,1.9795841060160866,-0.6167904969410749,0.40599462750414705
W5mMq9Ef,-0.3753367385648394,-0.16524969996740868,-0.8822568153988231,0.397474992710535,0.029723308230946266
WDhNqFpS,-0.07819919875549797,-0.30173651274632096,-0.6415198136586513,1.1233628936143223,-1.536272587485409
WE6n1kZi,-0.4489733981645818,-0.24779446074231704,-1.7098587746348857,0.6908053664371252,-0.17685316285074304
WFk6r3vA,-0.3907641644197488,-0.15010290578769503,-0.3867172546132496,-0.1591808845285385,-0.25618505276757286
WFyIrsUR,-0.5311586513303714,-0.4643569863677941,-0.49024441934682716,0.5726146018486311,-0.7757216283456314
WG6ZAsqR,-0.5792519894426382,-0.2403234553255844,-0.6818348390659184,-0.7778992772079292,1.324352321029001
WMq3CZQk,-0.38897851855602905,-0.4722082106992831,-1.2089116632878403,0.5862543965853,-1.5157469307824654
WRskmGjh,-0.40587111066139325,-0.35117848673931906,-0.5526634389768832,-0.2976883495895457,-0.9380834707594472
WXijSglj,-0.42706658672790265,-0.3003521927215944,-1.0106332426038351,-0.3795221561013058,-0.48333858750593617
Wc0stQgu,-0.3143267085492303,-0.2886489015985818,-0.9878702129117345,0.3871128065182532,-0.6014984492909248
WewoSCUB,-0.4739543105798125,-0.2778712905094709,-1.1046040927381044,-0.7703012048437365,0.5922409114478073
WuHuhHWJ,-0.1736032068957334,-0.0799718802331073,0.5044662153028368,-0.5262912061549798,0.9308511347527615
Wv7EBtZb,1.2201775882552406,0.12268135888219955,1.4211556166038646,-0.036209395680312895,-0.7649149991617419
WyPlxDn0,-0.47091672893412717,-0.15163972373844548,-0.5175535054099827,-0.5466441146561607,0.7299987289429923
X3WqoSNN,2.4917996831847526,-0.3702121479030085,1.6212274818275274,0.8559921121390115,-1.2283327386631795
XDhyP9KB,-0.5078887772428393,-0.17261342894884013,-0.5652615924832434,-0.1281077393361052,-0.7193477180502255
XQxhDRMG,-0.5880723041825027,-0.005228633520606429,-1.5995532331704725,-0.16038746424430528,0.7522634326616258
XjLNAwxW,-0.2173101020399022,-0.4518808446485183,-0.46778711934792216,-0.032578817403326354,-1.445355911232336
XjfVQbXd,0.613275955776488,0.27184050136551274,1.5696862463743129,-0.4247690306236258,-0.35187006715589586
Xovczbf6,-0.5431198319662931,-0.17578224944899024,-0.6501308510772832,-0.8027928482125795,1.6924013683434582
Y8H4onBf,-0.5604579031033259,-0.37525766256797954,-0.5854248701538198,-0.7688033305960822,0.895894325332752
Y8YgzSZ9,1.7688516162791652,0.31330863501213013,1.8580642072196225,0.3413125854447543,-0.14919256520134194
YC4PNV20,-0.618264460878378,-0.25706707505552107,-0.5381918057172514,-0.5445670866661985,1.33429934062237
YDHSCRdd,3.346764806193563,-0.20345270434453244,1.7379279841900326,2.3738173128214672,-0.8228139515006019
YIJ87aME,-0.4110722572995078,-0.07516836769619761,-0.7371708153149301,-0.4847611986292648,0.10419297155626328
YKvT4dFv,-0.3710307258175467,-0.21585452526997972,-0.42205302578714043,-0.107945806353829,0.06263138422129533
YNebALR2,-0.5442581090169929,-0.22184555740685585,-1.3494953748311262,-0.5673019854601726,0.2654141913798371
YNrnqFyb,-0.2572456151282827,-0.15978968274535976,-0.23842772760247488,-0.2528058391280972,0.08785398194244909
YUZ4lR3m,-0.4598220897606202,-0.1878926688150715,-0.3797374506003779,-0.2627978694431867,0.38238055881256106
YYLvjoVC,0.004722985199863139,-0.031912926930009355,0.33040428593448734,-0.25404950879368116,0.0026364429225127495
Yb8OtMb2,0.1523571697549082,-0.3225147938182191,0.6566397492861098,0.13956228257860204,-1.2720691074590418
Ycg4lTYw,-0.4480500328778012,-0.4111128640263688,-1.3047792980812618,0.184471486311363,-1.1556962585839115
Yfk6tekH,0.06460550583739266,0.007982450454245615,1.0791741036706481,-0.37718042448794975,-0.4233428336778884
YoSfgmR6,-0.48148490869578975,-0.16317512021638425,-0.4615767455413833,-0.2306317406624565,-0.3533861359701218
YpzFvexy,-0.331068043248421,-0.20252670890002822,-0.6269901248152836,0.04355860845876691,-0.1331788460231378
Yxqppfa3,-0.14897408719349325,-0.3553958407642641,-0.12645639227787786,0.1458792105277844,-0.7769375135413652
Z16jTUvP,-0.4373406606487711,-0.16751488891978727,-0.8448998130854806,0.1648818104739327,-0.2565906126442128
Z2BdCCbJ,-0.25955225381511493,-0.05367529101537105,0.19468809028148382,-0.4278038762551013,0.9401121297353443
Z2JJMM6V,-0.3970848717897857,-0.22443376469440057,-0.10398998939434012,-0.07605750513939213,0.44790026679108497
Z5jE1OB5,-0.22315971273775315,-0.06273294119697415,0.10706388896835062,-0.17383681289279806,0.12581552325686562
ZFsIqYxA,-0.4543638255643705,-0.15782733655695314,-0.5719017485668063,-0.19464474112960772,-0.003762439859751332
ZHDVsoRh,-0.3708303983407282,-0.35503354846540436,-0.6648952273210442,-0.20965980063320444,-0.4572933566873685
ZSmfu2Fc,-0.3834396544927463,-0.2661755131318033,-0.24268069050959173,-0.1465183698412993,-0.5107045825123846
ZU8YXF3H,-0.5590014355300914,-0.24909551274746367,-0.5661058482594443,-0.8319288705830914,1.5200636021384257
ZXKaNy6Z,-0.5370616797917469,-0.21264259637078897,-1.2501779557032977,-0.5023498815738989,0.7580538158097356
ZbYLo0zK,-0.2428623173825022,-0.1454262006103919,-0.13695642207199388,-0.5661089465721965,0.4393752941602047
ZedN8Gcn,-0.528727432377365,-0.32419828968185005,-0.5686997363296813,-0.685126343160583,-0.19867463023795562
ZgD4Dau6,-0.12924628651336345,-0.3040124665113,0.15275711652156598,-0.4552892222076501,-0.8772133597809484
Zgzf79LA,-0.5545603909912975,-0.3865420589585584,-1.1058599916522143,-0.6402330965517002,0.4576140560909794
ZjqzxDOF,0.29415994495519815,0.1897279079333556,1.1203916793369855,-0.711812587368506,0.1254671103405558
ZsZ5aDpq,0.15862884350571083,-0.2544588433491173,0.1664074727217395,1.0898912706760182,-1.0911418870365237
ZtyqE7If,-0.2248143322170213,-0.3952225856079723,-0.2829453468824612,-0.006228725709956251,-1.2826050164652356
ZvUgz01f,-0.3257128833138827,-0.1338542147442796,0.712684076127398,-0.8085272921457047,1.0316621500277465
ZwrhgdQV,0.7253542366796077,-0.003225874176938426,1.086134674540399,0.9214514660751263,-0.7172444863855203
a7bhJGBU,1.807856366929344,-3.804030828735705e-05,1.6024663315642966,0.4868521301281845,-0.8079785400275155
aHpv6KzP,2.7972139275846652,-0.16420467109484083,1.9871436930262645,1.0713649893006973,-0.9919152393001509
aINzEBVN,-0.46996537625346857,-0.4113338431083422,-0.9499424157611474,-0.40323170512968787,-0.8848893894287171
aP9EtTGF,2.3585438903571125,-0.07437343363918547,1.9940125565883546,-0.8440233872228191,-0.7121166179987126
aV6EhtSL,-0.44467290588119024,-0.311427511559633,-0.29517701463874335,-0.5031828410289947,-0.16252792208215805
aVZsXKoH,1.711232077106673,0.016609714223331018,1.8196468389056646,-0.8437739606075318,-0.7021053862102731
aYVnVJvc,-0.02248709326676046,-0.16023792895365307,0.4411622490194942,0.6869969289221523,-1.1881828370934313
abCzN1zx,-0.4963792264700819,-0.30068405818181976,-1.215746160428016,0.5355447288943225,-0.8463907773752721
ae7sMiB4,-0.14900436265605688,-0.14413726176158992,-0.29901107519640835,-0.17895699815647959,-0.12960106118951398
afsVuCGV,-0.4514374414962381,-0.16114678758882395,-0.484759926822794,0.25984084105526506,-0.5085642031973334
aiwBQETI,-0.07672736570742611,-0.332403966462981,0.3206911272559365,-0.1407768025774736,-1.086660458310102
aiyli4EI,1.9857338844812498,0.31718220985245704,1.6414928859446674,1.5572480376120748,-0.24862554459648845
apJ7NmzD,1.9763116309360962,0.10161890574053256,1.8828384126215907,-0.3487319948523755,-0.5861134102081946
atVjNMtQ,-0.34101131812900487,-0.39781143526469,-1.3711345799354193,2.1047212007713476,-0.8936938720138228
b5GirVGV,-0.40238149191571804,-0.38342110878935376,-0.2855642164897789,-0.5811277871022433,0.4325628813750386
b9SpMjNB,-0.1288182654640755,0.0926914237371319,0.20326118576735563,-0.07195542917880005,0.7542054011502346
bAFs37yy,-0.37621386581491745,-0.2784332994079124,-0.12970095951562133,-0.697432241034857,0.952002666481822
bDia1hHV,-0.3804174645535445,-0.421643300108518,-0.28951336551870543,0.05855249487992609,-0.9199684436896218
bFkv5Mtr,-0.3618591870805963,-0.11667947863137318,-0.4186274122707845,0.2683266020283135,-0.41005382804733426
bHe2IXgA,-0.4525393337566461,-0.3507816981057532,-2.0636844422585954,2.363766991787843,-0.813318664165176
bWX3vUm5,-0.10129686238934621,-0.17336036075667938,0.30064277503526693,0.1530450351684962,-1.0781349085892584
bat8tcGs,-0.13326497963799877,-0.47952256015597516,-0.3554049580700438,-0.10258878995772491,-1.4396478875695307
bfjej4wu,-0.45958466884422844,-0.3719443414842418,-1.345439210620957,0.04317144803674111,-1.48399640032856
bh04YDiP,-0.2923859040014909,-0.27817386651694154,-0.3264202454067844,0.10599367837876983,-0.5208864598330178
c110Fdc8,-0.21592560439495312,-0.2196555024942528,0.005785325167148692,-0.3723246291374416,0.032341305862947145
c32GUzMa,-0.6053714459335984,-0.017693724658021104,-2.067628221242562,-0.1083673431761163,0.7539711166912371
cT6uU0B0,-0.5273521214193684,-0.08059506476221134,-0.8346261619466349,-0.29297963899538004,1.025480348232482
cWXCiFwh,-0.456756532863948,-0.23092888058525762,-0.6268995434679754,-0.3578252846020682,-0.9237241510609051
ceNvS3yd,-0.42154131278738216,-0.16474269178062162,-1.025702599341689,-0.0014874740163790534,0.07511018671165903
cmwdt4Av,1.424490866231225,-0.05977652084417162,1.5596053403988845,0.07053880114722588,-0.723525688487352
cn4EHsup,-0.4302722825647711,-0.3053709364044481,-1.344100932380461,-0.20865990288731595,-0.0252117209764533
crVOGGTT,-0.38033313728629903,-0.1770920807198637,-0.16821911039949544,-0.5093521068782465,0.937110283314742
csPEJ1E5,-0.5448607973574431,-0.323125259352115,-0.3437628225169691,-0.2926102895652356,-0.3648258313651054
d0UrRtMk,-0.57738509772713,-0.25895865288660946,-0.7050558841162955,-0.6972151823401909,1.615549269830372
d6LU4G4I,-0.4882923021778529,-0.16060557459141922,-1.4107203281901137,0.2694796511034028,-0.06086825505165461
d74T1DVv,-0.4116973102650823,-0.3022248514326167,-1.0805021352400717,1.3315057371256067,-0.8665236393323807
dR6rM1tQ,0.03964208876715336,-0.5581019364329096,-0.04200370761487182,0.0734301194437883,-1.4836861486229322
dUNxOoqg,-0.47014674993584915,-0.40758843875679407,-1.1533354993108604,0.000963723123273752,-1.1743036082557223
dUnlyhj7,0.39616139670732853,-0.10031590978193083,1.070700374925532,-0.7489021938762654,-0.18547953727418598
dVDlnZQ6,-0.4009912787471981,-0.2880866865774907,-1.3931106601106693,0.19741752441453286,-1.177903533131352
dVT26GDu,-0.3410989958425139,-0.13500726068187863,-0.35948667320247285,-0.37892957278068806,0.5244507396947897
de43ycXY,0.06926330672246284,0.1333406151466887,0.9015521877101902,-1.0035752577846964,0.25707474126524676
dfIn7m9z,-0.4075289932096089,-0.3537871600930531,-0.6954185681039506,-0.26819960902716744,-0.4920242156269792
dhmb9ZY9,3.1376370325201046,-0.4391411057436345,1.8382690380299165,1.1247690147123812,-1.1781144440443354
dn8kCuyf,-0.35646319807250304,-0.14552650907493092,-0.45730930835566586,-0.4567440101094604,0.7567861563939191
dpcquvWW,-0.43330502673842286,-0.3169075560324801,-0.5293770574029439,-0.4075884290794498,0.023843770331741787
dqcbIMyr,-0.4755784315906899,-0.31467889837771157,-1.7133518201187643,-0.49460253208610183,-0.12606465869633166
drWgsBf5,-0.41708964210209754,-0.17249272378504532,-0.4896621473059257,0.3610242082067323,-0.6908657784759766
dytx0HSe,-0.5683063097027903,-0.17017953878511083,-1.0896840104223928,-0.771675210319966,1.31447396027706
e4KkkIha,1.7801653570045923,0.15885526387372817,2.1787299007305547,-0.6932361858415454,-0.6737576407644879
e9YorH4m,-0.3350387894182054,-0.11648601611992593,0.923276746791653,-1.1331489590788308,0.5201912773417421
eB9gVQ0R,-0.5187848054426345,0.07474884126880976,0.575013931483336,-0.6229173401832,1.5510714670575867
eMhLFqU6,-0.4883393626176362,-0.11133614427186433,-1.5820340811986897,-0.10567517784255287,0.11269932538882177
eMllg1qm,0.6862708793533452,0.03385121578215955,0.6982363482654774,-0.12053441702275691,-0.7945663582188258
eNPunZ9i,-0.5292704622372062,0.055093722699861125,-1.694224005937035,0.4197127096647044,0.2533844961640357
eS5BSM4J,-0.4199746881637898,-0.21711095525237045,-0.26638132186065366,-0.5977865030583978,1.3631241146676034
eVGMFoOI,-0.46099576136253884,-0.10693751326337964,0.6436504071316405,-1.0015736037697103,0.6537382962547058
eaIwb3rG,-0.2661756868571379,0.28844562503851545,1.0392578970697697,-0.17085570952037088,1.510852236406909
eyzw8Vis,-0.5495408295897155,0.035204155854184016,-0.37850587650166734,-0.5673579942750919,1.4057565158214134
f04Ke2bN,-0.29972445463630404,-0.03992009954189246,-0.4951058680126197,0.1031205944510667,0.18056050605766405
f4GA0te1,-0.2932929015594814,-0.4047824833283231,-0.41410368572212963,-0.6091899407257166,-0.19318153700042284
f7bd91h5,-0.3772556165247911,-0.22654838372435382,0.04691023831162067,-0.5433449307249099,1.0350637882594542
fB7z9ndr,-0.4438682131997771,0.039257548885383464,0.32119613143754133,-0.5176077267999197,1.4873286546238846
fEe7AWFA,-0.2527953982847171,-0.4510464444387354,-0.05950235365071865,-0.22057303760224656,-0.9770299412590289
fJJIbgY9,0.3964406837524743,0.19683411780405446,1.3889134197114528,-0.8055603972014289,-0.2655653258684465
fQBURMvg,-0.27285503821946033,-0.08064383970068878,0.2624681595577796,-0.43885884672665654,0.9612334305027348
fS0HpOub,-0.4375741173918746,-0.2124998298225238,-0.18321883764679558,-0.5292577217309429,0.5032928023029131
fTDXauuk,0.27185084927549585,-0.08401344509926378,1.246217582819095,-0.5619239788704142,-0.6018213269778512
favPNA2N,-0.5557589967186791,0.22950569528969833,-1.1784890683412685,0.39525972030732603,0.9348603112661253
g3Fv0U4k,-0.4401581194412634,-0.3297627101860927,-1.2608815235465771,0.4598368454810249,-0.2826992802442687
g5PKo2E2,0.3852034798417785,-0.13006930310794917,1.1467757767937838,-0.1185382855394117,-0.9833267198331255
gbjnD5fe,-0.4164081689385162,-0.377971483763905,-0.5045471168389257,-0.6166582704939181,0.3355763963487748
ge9zqXCv,-0.5083871370995316,-0.4584211791002746,-0.837334814030787,0.8469432268845587,-0.8754074897623054
geeqJpSE,-0.4313848070035524,-0.2542754694667666,-0.1319772477672858,-0.7018717311900851,0.8285137062454355
gqy1J2RS,0.23637212574595967,-0.1744873744445714,0.6905821062791757,-0.015033468925334859,-1.3073434554079126
grlUtS3H,-0.11063862016709347,-0.29656994040388884,-0.056472314063175766,0.7098648911174017,-0.5617546615809301
gx965KYj,-0.11524542468845222,-0.16181075877299111,-0.17632542301214915,0.10000187652602222,-0.4639698273538029
h3F08Vjm,-0.44544999627538484,-0.19442703811413242,-0.03211958306338136,-0.5975860653043021,0.8910196547076525
h6FQG8Iy,-0.16726639801976173,0.12016814563170453,1.005939603497036,-0.5976037626838,1.5277087989454872
h7ftM8b3,1.7811593495198972,0.012013167672047409,1.8181718565627945,-0.6231392890872449,-0.886401079847114
hLrCHXZv,0.06828158517197469,-0.3728656652029132,0.625359370598626,0.16968492298580884,-0.9626482736636985
hQ6VBuFx,-0.42814094836665983,0.11566154585929223,0.5490541002711735,-0.41423517457116077,1.5242773205001372
hYoR2y7w,-0.4690173351371518,-0.45807281259752575,-0.6268206851795002,-0.03232610563145144,-0.988219919468615
hf65yZkM,0.3352611592977732,-0.25832995963211136,0.26558353357870157,1.3795533270496811,-0.8718629734970404
hjuwe1x4,-0.28404068878415867,-0.3477807862591691,0.11178793131920894,-0.3935147176426561,0.1824974615377828
hyINlsFR,-0.6213067783374404,0.23446105497995529,-0.35608063404607027,0.2847312630126204,1.1531643463498726
i0Qlm9Bv,-0.2233473320291628,0.0498016181812444,0.4449081475573804,-0.5124215883388068,0.7944544669230895
i1VxfxMb,-0.3248963799882736,0.054054896194624114,0.24454258758202752,-0.5845709835833297,1.0508009347904776
i2l6jXNP,-0.4759352200338176,-0.20311927706510335,-0.8398499284763874,-0.35102670413915504,0.16792986370673635
i4FgPZv7,-0.39274504123187537,-0.26136966338211653,0.12858592314068584,-0.8231628171993428,1.2202212889842672
i7XtIkSi,-0.3428035006026553,-0.1756424652520865,-0.6509383409720657,-0.19348304303573016,-0.17741145757507137
i9z346Ut,-0.196946776733113,-0.006855837176350299,-0.3736282749405335,0.7270227066155073,0.31247837371940523
iDOat4cZ,1.9867020183899635,0.2454525330674313,2.0335405064896532,-0.49792073436924866,-0.6772659441779565
iNv6RoSO,-0.13372892523994917,-0.028522090460374905,0.3684684312165656,-0.00445071609192027,0.09209052664472939
iSL9NYzy,2.9581347732438994,-0.2852610886282365,1.769399441970104,1.7928984045464347,-0.9432462195456806
iSqVc1r8,-0.037875223058278173,0.15874610558634128,0.6857496438789168,-0.844135647103375,0.3341513987033027
iYZMftt6,-0.6736456458888247,-0.5053899086400735,-0.5746876719549663,-0.46679084822237016,-0.9659296243513422
ieTPaa3c,-0.32532770765925445,-0.23856623767622853,-0.8539719574990885,-0.09695318397938024,-0.17595556336741947
if7BmzU0,-0.4404966127644334,-0.25860965142047565,-0.22581578683844317,-0.6551205713695971,0.9355350506134714
ihNz5bmx,-0.3128926079875205,-0.24348046535491097,-0.49650815640598456,0.0015377012720882988,-0.6388601692733387
ikJXKdIN,-0.41937687507407784,-0.2620916394392099,-1.0321349776402302,-0.7663916456496445,0.9093959829368901
iq2kxikN,-0.18662226142060856,-0.3559256963330073,-0.14973018043474884,-0.1275777026575433,-1.229092207245439
iuZEDJK7,-0.4371816763978691,-0.25315360010077814,-0.3303247293645244,-0.656843150597382,0.5731682506643851
iyF8gVT7,-0.5656639149207754,0.02765572568997765,0.08828329503659926,-0.6766446868210103,1.616573747410503
j06qdQ0V,-0.410907955121103,-0.25446868972907044,-0.3794940575113559,-0.2197755225566702,0.1455456600332541
j7hl8svO,-0.5235978945458433,-0.3855216753644628,-0.19042618540038792,-0.36431457385105404,-0.9506315737274731
j8hMoJUN,-0.4437308229917667,-0.34260609665753794,-1.0860261162847609,-0.7543526256747413,0.028130758251013965
jNaFasbV,-0.4963768943844675,-0.358643734018675,-1.1994240943673775,0.17733639458514006,-0.9203062925515537
jVVHeYHT,-0.46516798926660297,-0.07705157531248563,0.20124895030664458,-0.593577555013912,0.7655889579186992
jXm4ySvK,-0.33461725408159193,-0.1421093333132477,-0.07884617935099403,-0.360317360824439,0.551876301902344
juO5ii5l,-0.2526145332438423,0.04246507127410393,0.3317795289206016,-0.6374118496146046,0.468351923128826
k2hdEBsU,-0.45941288248917456,-0.2823288356468412,-0.5258370838823838,-0.6571592458977733,1.3827731423686105
k3ynMfhN,0.2764982121238413,0.08350078004147132,1.1129409106988488,-0.3875530724017473,0.20339197860314062
k9C9yBtr,0.024447234407319662,-0.2524187691731514,0.4567612646017052,0.33479914067795136,-1.079775831746569
kAKRvcRo,-0.45149971505821807,-0.37747631983930763,-0.9720224470581842,0.28982578398303005,-1.1714710527075836
kBi3R2oC,-0.18060670034850457,-0.2674508664213464,-0.2736478337716379,-0.36810202868856834,-0.3864027886498702
kDWmnsXe,-0.10796062870241396,-0.19231417102517856,0.47820429315379,-0.5816583627953342,0.08645142722095489
kSGBd2Vh,-0.3648995475870711,-0.22543575561647788,-0.10433603234492228,-0.674651639932538,0.7475915695782946
kT0miHPT,-0.3511285533519972,-0.33745213812429586,-0.4218256304632222,-0.4748034502623213,-0.02795059056766558
kaW0TfRn,-0.5131413657562112,-0.41760727047543345,-0.4689446238996924,-0.618686309970073,-0.11551749787563903
kmg3SowO,-0.367956938791564,-0.13373711016086975,-1.0237999583916961,0.5375358850865659,-0.10034885122670811
kpxKSlnF,2.1026020200387743,0.22863128373304686,1.8003237000838181,0.49038171730227376,-0.14633391977325072
ku2cn1MV,0.5727602426631515,0.10410361893988362,1.5462575439489639,-0.25949268398382586,0.14362323951117606
l1su5HU9,-0.417415213352057,-0.15545380563836364,-0.4868528953637723,-0.4186588237102882,0.4064255350522403
l8Tg2RvD,-0.3920562973381143,0.027166599003488834,0.5088359268810292,-0.5364148929895194,0.8812973348533619
lB6NsVOc,-0.42466070987080595,-0.30756168660937977,-0.2853375512860383,-0.511409481807096,0.8666562255426884
lEcdVyKk,-0.5105067158742136,-0.09643656435722381,-0.5231353617396097,-0.5150517806169681,0.8292552851450141
lH4TasGl,-0.06867392260090721,-0.1510667264922505,1.0337737488830454,-0.6753095460525707,-0.5127221632463757
lO9aggHW,-0.194115590054877,-0.06817020399458773,-0.028788199463297026,0.26016025929860476,-0.23355231231105744
lW3m9Vzu,-0.5585413481837227,-0.19423792560931918,-0.6422018508354812,-0.15343763954666656,-0.1671410083965652
lYLseGDP,0.308855297498952,-0.09198445196753813,0.6469340733588025,-0.4775017724370443,0.2775858130385318
lcOnCdZi,-0.23954020268860088,-0.05170544408477884,0.7332649577676831,-0.7751960486423606,-0.3604142187627799
le9YGwON,-0.13049113912467103,-0.06242122714130449,0.10932750176027195,-0.24752888504722392,-0.07610514782275413
llMvu3TX,2.1077307964141605,0.122674699290509,2.144897332196588,-1.1619840625989468,-0.09183681070394822
lnHh2jFO,-0.1195920130840582,0.1372182359205807,1.1392972496618041,-1.01195436205154,0.4753451477987669
m07CVXd4,-0.515490970604275,-0.15455505995035868,0.7268097268695284,-0.7747989450056245,1.7805797996367305
m1lPk91z,-0.2637274081698129,-0.11713230338174174,0.4472205276477963,-0.5744531490583107,1.1307654283550805
m9IQdmwa,-0.4096734506974249,-0.27736790133636635,-0.2627125850199308,-0.5426496319677803,0.5854947471158498
mG9BRy5x,-0.5213366823163019,-0.0894282028218969,-0.796735247810834,-0.19811102908477451,0.11035131078849236
mVHXnama,-0.4203342603123579,-0.4255373973707366,-0.8968275397892329,-0.411444445149165,-0.7942835047830199
mXyrR6nU,-0.44371554683431125,-0.16634856948454502,-0.8335162134002347,-0.4324329610400177,1.0363245321945174
mbzNdxNc,-0.2989037043786871,-0.1489970568806358,-0.3664443673451432,0.31245329719968495,-0.5726809495780385
mntH7g3L,-0.12011390274193356,0.18646555672452347,0.6774982068136479,-1.065086961600894,0.5976950906533789
msRTXP3H,-0.24763990931881974,-0.14546402163981487,0.07878903665141035,-0.21522541429249387,0.3121711194255754
mxBjvIPR,-0.47265714941551007,-0.23705328838176332,-0.4719203340937428,-0.5490134897318946,0.36763157114036904
n8Opmfbz,1.785697655204161,0.16627755262035304,2.149360544888732,-0.3566598513426946,-0.25110019413100826
nOkgU29Q,-0.44429548411829867,-0.3483873721521933,-1.4825443623118462,0.10835652581746658,-1.4925759026823284
nhttf7VM,0.08582529371477765,0.07631434120545588,0.7593452824120233,-0.04611076262523639,0.1581240863551061
njLbXYa3,-0.35708488802555305,-0.4141959780630815,-0.48814639403997706,-0.6501916882688832,-0.4535593180993187
nwkIpzmh,0.6044825773040552,0.029345617618868225,0.9147128235107358,-0.34112269988516886,-0.037545035109455505
nzB1R9Zg,-0.13681358311185843,-0.01511102068312642,0.9084962724799608,-0.8856552605232224,0.3088612021021122
o1rZRI84,-0.6340544352164548,-0.13928068914063818,-0.3391361848007408,-0.866922755429222,-0.2649384750919621
o7q5Mbty,-0.19791780175461238,-0.3225145510977301,-0.03939319255971885,-0.04097993039654213,-1.2392644051243265
oCBvysqB,-0.5209304557360488,-0.22755679543221152,-0.5087798652241462,-0.5404153674862577,-0.7724692843713497
oDmycTPH,-0.44020475179405505,-0.2888428438023185,-0.6633459424641659,-0.6442315612915124,1.2300687672278814
oFAXZvQv,-0.4140672568784671,-0.19783394242748376,-0.36096357125098155,-0.1368932066713171,-0.5859712425518451
oHE3M1zX,-0.2313804896470506,0.04585493632688564,-0.2892963661292969,0.864691636037751,-0.19018168453736006
oMhVmSpV,-0.3569121245705551,-0.2971491871528871,-0.6186647352998351,-0.40264583268464094,-1.3197528107943794
oNsDqVbi,0.068785181697252,0.22047408619513487,1.2612212618538434,-0.7355188792723766,0.1039705068807466
oYAJqQk8,-0.35708117220377655,-0.45452331996344686,-0.4285208133256946,-0.6977666939339215,0.5311585835030614
ob5Kb6dW,-0.4616073872035136,-0.06927298300675933,-0.7449336766940222,-0.5861958271516947,1.0595973823714262
obnzqs79,-0.4181306382658354,-0.3854518883921729,-0.9379517397162589,-0.6816130158891021,0.13765065470763194
oncLcgRP,-0.34405554255914605,-0.2751959630799421,-0.6017894985903967,-0.06994831696263404,-0.33534056494634523
ooWVYaAe,-0.4653636420279659,-0.2870256035041949,-1.6309072335119525,0.7629319777510908,-1.2515197596320418
osdyOUnV,-0.5532685123353636,-0.09821765510131275,-1.7170310164999636,0.22897845086697188,0.032400853827899034
p7H9CzCv,-0.5692412275488428,-0.4285714273869745,-2.039701690527072,0.11384525262681322,-1.0379212324108762
p7U9hVhY,-0.3721492281117085,-0.14058590668210957,-0.4264607622047878,-0.3769207835676127,0.2926497338504719
pE6Cf1RV,-0.34551151419367354,0.05220779647489859,0.3232096693404811,-0.4744317278212442,0.8967568581050687
pI7qzotI,-0.24591286325147532,-0.1200262738554203,-0.23860806065022633,0.1533634310936023,-0.5976947828394072
pJrIA4sk,-0.39306408283988414,-0.41265696106657845,-0.4370093533453927,-0.5660409291445916,-0.04331297772783227
pXne2CLZ,-0.39118852733866927,-0.33662498201787106,-0.8340231398478908,0.9706716529406343,-0.5812846730839096
pZMcDIOS,-0.4439163776291357,-0.30372805499613253,-0.4326301797093537,-0.7125011493101105,0.7184944173960917
pavfp3cc,0.1973187525337048,-0.3182577870833585,0.47267578781963504,0.11533223348266475,-0.8338737396295341
pbQdC5L3,-0.5303182413539949,-0.4808317495730181,-0.5490908124542146,-0.717378459125424,0.8107117443012344
pgj7aAFP,-0.37576194692195397,-0.24115542400912648,-0.21464216306640527,-0.11197877598175054,0.11854166048251091
pxg8G3ed,-0.7290318941303999,0.1292075683716929,-0.1499876691852977,-0.3783547843135686,1.3028597679458658
q36Npk6l,-0.4546559173773508,-0.3058198651487247,-0.9354376742899193,-0.9683774217171859,1.1858121567044195
q4aDOVvq,0.4529797784041998,-0.0190986462389775,0.721967312808256,0.48616482434511354,-1.2728054401169215
qGmfR9CN,-0.38471310502399003,-0.21266617415213762,-0.7680542554967404,0.4098406261823335,-0.9682715143409082
qJ51ODpA,-0.39966398360451105,-0.11547352502114894,-1.118800116497714,0.4738918717284548,0.08393314191029777
qQX3cs3I,-0.2163167416940146,0.015380554125125734,0.6133187250948096,-0.7284644435670948,0.2601229009652757
qXeIxPb8,-0.3870598248441288,-0.059720203761945534,-0.2814666818840168,-0.41697861153360094,0.8540938908397679
qYQ4MShM,0.007826699999612607,-0.18183982921781183,0.010489782582904006,0.4068842017012102,-1.1286517377779814
qa0etnhK,-0.057308440070470645,-0.32340802264767365,0.18877795208504278,-0.03947413631172836,-0.8749891537718026
qbL4sboq,-0.6523475512134942,-0.17129634154483586,-0.5326914729282679,-0.5992916023241754,0.6029860452433882
qbYrsWHq,0.5524757870255721,0.13585330424310893,1.6659983783948702,-0.11656685216093976,-0.008983215379866571
r1zmcUqQ,0.577625006592883,-0.023726648386774407,0.9550049958352202,-0.3878369455062618,-0.9096923027137604
r54iHeQC,-0.3170096793248254,-0.16370478095101237,-0.07190891607513539,-0.554626885796683,0.6892778171831155
r6xrAnQV,3.3587204087514815,0.04406607647544103,2.2086555258077807,0.06755055399099419,0.2652519226482086
r9HxnQDg,-0.1222266678891506,-0.011043429572656471,0.6492727029778917,-0.1610333123658485,0.7291788108640462
rG8Puuf9,0.738028963784644,-0.0343064742556054,1.0642360007617482,0.37723589983349726,-0.8066318792188936
rGuiefuR,-0.292377288001318,-0.3618809220359127,-0.7235569544925555,0.11058187589111768,-1.2483377405011238
rJ19OhGP,-0.4719590234231523,0.020442201215327138,-0.3460543490008421,-0.600859648824482,1.3641075104008182
rOCYepHd,0.1673259108022771,-0.11163330758760015,0.7591648933750959,-0.7556698733991887,-0.060790175765400356
rQJaOPFI,0.1432582490837726,-0.02822489868473088,0.7188429399325242,-0.5641350126599711,0.17224263733489398
rQhZtZeh,-0.21350862378329705,-0.011834893346450492,0.6945324311409378,-0.6029846182742595,1.2629837904251149
rapmok0w,-0.4914915233881052,-0.20856357749827215,-1.4725829677572664,0.09900771511869877,0.3998264793340427
rgzfnPVu,-0.3122581685930177,-0.07816546956863579,0.4807868857759514,-0.7991510656526088,0.4503652014147024
ri4qhb1S,-0.4450829831634442,-0.2536650330703525,-0.7466376353927489,-0.5592025650615646,0.5651799353777465
rqpFYzff,-0.6241057130801542,-0.3291872566648282,-0.6950244325131552,-0.3869481791252056,0.17541999876643377
rrs22coX,-0.43796217817617755,-0.005697162209263418,0.027797149067846583,-0.40261066162413073,1.0662248223090005
sEeUCQLc,-0.5515435119585268,-0.08309129700152074,-0.8731884924976656,-0.36350441170437264,0.5782655196832325
sHScwqQl,-0.5078961930537949,-0.1570318636994772,0.2156718218220659,-0.9017742974083127,1.8799175996093895
sNC7DiAt,-0.6509527854668127,-0.3233983195981738,-0.5373468624229689,-0.6326203727861923,1.3684497513182992
sNK2TSs3,-0.39309166571086873,0.049172776464241785,0.2673773831174868,-0.50748394794606,1.108800863016218
sO7Su6uw,-0.5729264877615483,-0.4342336390037973,-2.3208782968245076,-0.34443262000758423,-0.08139441434455374
sOWZx89o,-0.5894385636624397,-0.26597837705700034,-1.2697261943459397,-0.8047243591626234,0.6764101351735876
sPbRcPjC,0.07973207430228602,-0.20295889469381212,0.14627622059094403,0.3840935734506452,-1.2133361129732334
scVUfTKI,-0.02079166222500728,0.27147231466218624,0.02674835599520531,1.6138502176811933,-1.2436961089337997
seRaGeVv,-0.4379084245558138,-0.03839474683676247,-0.19393726606108874,-0.3251675517137187,0.820215013335674
sgtwiYWi,-0.4061975412972165,-0.32317908369660575,-0.9894608949393886,-0.021843781519752525,-0.44872354823631166
sjmLHcT6,-0.45830696423803285,-0.29769322161908907,-0.44777159852492776,-0.6518563862216276,0.49680367363841516
skZUZZGS,-0.46110350200620953,-0.31196495732391316,-0.1440550699547929,-0.4556655726939205,0.593750035727699
suAmzADX,-0.6850002791277907,-0.23146307952962264,-1.2999826941296577,1.937076150102941,-0.6963077632714016
t4GWLqlO,0.4794248927110525,-0.25108168370323813,0.8861545795933763,-0.4788165016374144,-0.24342315949909743
t7gy6Jyy,0.35503638158985584,-0.2096319101569053,1.3107312103219284,-1.178308189534338,0.19515199161016472
tBadzH60,2.0493882467290527,0.1398591275448906,1.9755135968465494,-0.5629587277190105,-0.37734164472633847
tXUWm0hp,-0.16051785731389057,-0.28812039327911965,-0.28338824497291615,0.6428849779615362,-0.5761069640138698
te6UPPxf,-0.42632604245255745,-0.36854851575904934,-0.6051793259770237,-0.35840731042405594,-1.3264893836598999
ti2lamkL,0.22452890376502044,-0.0931802865098108,0.6359505738187137,-0.42510884294485507,-0.09154271178224871
tr0lpwuU,-0.31225217257389115,-0.5208472745493156,-1.0820938301552632,2.8268577905062546,-0.6692112650807571
ttdB5C73,-0.340455852956949,-0.09879542566435351,-0.07097757207737221,-0.19433405436177864,0.643223474932161
twS8YZu9,-0.44973657912572573,-0.31740831019275095,-0.2773576697832185,-0.806576190520861,0.2710557195671486
tx68W34H,-0.48668316543654466,-0.2567793959119955,-1.2256470102547654,0.6775558350064905,-0.7443133147959129
tyQSX4mY,-0.340548929931912,-0.10189021334557413,0.19000127931530653,-0.891111671195933,0.5004605899363428
tylKCRc0,-0.3719616743086922,-0.1883794593927961,-0.08057996841740067,-0.38463680462299266,0.44729495122387153
u1544WUo,-0.4990563632728131,-0.20889211616637215,-1.0501418528833755,-0.5949537454908054,0.7074848184621674
uAw9an0d,0.27845787483266893,-0.13439606475416088,0.4484293893757423,-0.43642374024343766,-0.31961195448773605
uLZAEXMG,2.144070929513817,-0.0109569547974262,1.8794124907649303,-0.31693296823354444,-0.7361811425356377
uMwe1s7I,-0.5583923049089767,-0.27324487561262334,-0.6735454062318285,0.5439681048226532,-0.5228363674792531
ufhGeV3q,-0.5907252350818331,-0.3364996040218431,-0.4211862641138895,-0.6242618482909386,0.6222584185272995
uhAeGBHo,-0.6434727714005808,-0.47970261557239713,-2.30793619140366,-0.06612788169424988,-1.1662000073296026
ujHNlqpw,1.2039865952029354,0.11593189349056399,1.4884270048182726,0.013296613817345815,-0.761873800206085
ulV6kuhB,-0.263870724124728,-0.08915271879371733,0.21770300192303704,-0.5505021758593749,0.6687307022243845
uohEnNEK,-0.46230097902201717,-0.3409365714627812,-1.1793349592084086,0.6906281894213997,-0.9574492642919763
v1lhA8I4,-0.36059959615982873,-0.28461979250042635,0.8309345480977255,-0.6974440342054713,1.5552143857883225
v3JzigLI,-0.5410105135834433,-0.42589827932980473,-0.6274433247007254,-0.9779145230681152,1.1013770555403157
v5IwjyIg,-0.5247758406347307,-0.21386858018630495,-0.3600735259080965,-0.6273088249725554,-0.7026732212554903
v6lp5TK1,-0.296491842783154,-0.0920855638354725,0.45216434940447936,-0.6879713984494913,1.3181212616275575
v8vOaaWq,-0.38577830523871537,-0.1322711573609796,-0.9609396224487954,0.26224325136775306,0.33009462254792243
vAYKtoil,-0.7740851070297472,-0.29249018640442603,-0.5755397321943336,-0.5690286850746702,-0.8579345255854873
vGTNQa6G,2.6363582647240387,0.15347647007305465,1.8334738421943895,0.9039019207947039,-0.3133154498845938
vQzNxHoL,-0.4298543570252482,-0.36054054886418374,-0.6359149425719623,-0.6408797385328988,-1.2075344943102477
vfZGBUJm,-0.27851694629288115,-0.2716566610679694,-0.19435468208144346,-0.09450277898951143,-0.44249565117022893
vlooVUoT,-0.37035157784947526,-0.13724678397571655,-1.500517215027462,0.533204428130098,-1.3170451743095368
vrACvd4O,-0.36997298061572703,-0.36906825256838705,-0.2743054504034079,-0.5139792547513231,-0.5502938319481059
w8hdjLwb,-0.3348212611599015,-0.04567014808506986,0.114133592454432,-0.47511386646524656,0.824527732507268
wAntv4gH,0.015852268895344857,0.20570593797659864,1.4453228322707856,-0.6253832736950109,0.5359415746705922
wIUL09q0,-0.3577791140380091,-0.3292627767808982,-1.0983810859645518,-0.7972590073997381,0.5563287440137588
wOzx7Fgz,-0.43349816183643863,-0.4168047408846052,-0.3155661944206303,-0.6589895231660741,0.006320723951508178
wPhjhCJQ,-0.39222515900126975,-0.020552510748562902,-0.40908278250731644,-0.6082372799047633,1.2656592942706952
wQSWWmYB,-0.371495012816637,-0.1891591168517026,-0.46458453218111107,-0.444845521486247,0.7089796742414096
wdIMrXwy,1.7671138545103426,0.15515817761316963,2.0900381202825384,-0.9661262994552722,-0.12305837011124776
wiL9npQc,-0.5034985823352249,-0.2704474509913881,-0.9833746156758751,-0.7078463639703614,0.6413181863200821
wnU95Cxn,1.9417722778006814,0.25417231429625087,2.353298344205423,-0.8791841950679391,-0.7944661178988595
wpJbbjJs,0.14516343432700385,0.0327577496045377,0.7507464404164876,-0.1292629768227549,-0.012465307096458211
wsOWTAbI,1.1079539105836043,-0.021699935656589453,1.267621967912869,1.1537604417635094,-0.8287592354149451
wtdBcU3U,-0.3125437771170132,-0.31516448250935003,-0.2662608342232078,-0.8147498130724173,0.4111611169495477
wuKXVxOc,-0.5313034549492945,-0.15920880005117954,-1.59422626145511,-0.5895612817205738,0.6562758440889143
wyzadAt8,-0.5289522191232541,-0.22073885296882612,-0.7673210703578706,-0.6865089162962512,1.1148591578973042
wzaKzYwi,0.02668873566546015,-0.38017473121161505,0.9689994127279489,-0.6606694882935003,0.69913793876312
x6GCk4EV,-0.2894891156140025,-0.2175252736773574,0.006912217031749712,-0.5030628316983368,0.4176742459268512
x6lUi3vf,0.12388696698104784,-0.3817325991490508,0.008960529083192448,0.5379062850822578,-1.292611875613015
x8mwDHv9,-0.3176689053770465,-0.21974605842004724,-0.16634869175903066,-0.288301832123274,-0.061641970621034936
xIYm6puH,0.7285256035337975,-0.05108424858182037,-0.0010262457179850415,0.8620176435046929,-1.2566335893155651
xO6UdpsK,0.6444683704933718,-0.06885655069769303,0.25478703809300907,-0.03956357428372215,-1.3310289420083832
xQ2bkOvj,-0.4437465022472784,-0.41506814452614993,-0.6838841400605178,0.1849396908674663,-0.7506180276286427
xeXyDCEQ,2.503244731964913,-0.21925681554208598,1.739966904238595,0.9765686448950976,-1.2414047282427232
xrggHziO,-0.2305220288241676,-0.23060263776873047,-0.02506475779137407,-0.5608297358394942,0.05173140004707921
y1WMCmqQ,-0.45978399183178364,-0.3134172788041143,-0.5006682265507196,-0.4728410605434483,0.18744904822144282
yDngezhM,-0.24862493870688152,-0.40048123961608884,-0.6667690127914101,-0.7269539882103153,-0.1043667866166329
yLiFjMD0,-0.44996104895363853,-0.24123396291478105,-0.2182827544282917,-0.6295682769816722,0.9455369216762124
ySwEBO7w,-0.4387777365204206,-0.2421789787856925,-0.5126725191449895,-0.062015277743984853,-1.188367330299779
ydC9UsSm,-0.43192098071614193,-0.09471130019850182,-1.433316416684197,0.7453594150000065,0.33494191194190126
ydEG4VBd,-0.47534517832542544,-0.17304466839087684,-0.9478499718147804,-0.27406562855700045,0.7035441641779885
yf76yWXc,-0.20172616887140205,0.16604962102720844,0.6044365276188683,-0.7817032316346548,0.04433354681920765
yg70e63n,-0.38899983993502385,-0.24279227028549588,-0.8337598014902641,-0.22690483895831548,-0.19249909523805808
ywxtlSKv,-0.6837488655120856,-0.23929870104419582,-0.7742197212779773,-0.7346200614700678,-0.04757358148274715
yzKPQPOR,-0.5071585939563752,-0.31079976467268455,-0.44251032787190514,-0.1179097235461839,-0.615151048630632
z5cnOnZ1,-0.3539029829182132,-0.42121500061367545,-0.5549191215559448,-0.5812988864474775,-0.5953727327274505
zFLkOE0e,0.20602512197086842,-0.27381943684773535,0.7574592050869979,0.580981012674723,-1.2999080507627054
zGi72mxL,-0.5959342031727024,-0.48640888329319854,-0.5969237107879097,-0.209884197916395,-1.0841533929866314
zN925UV3,-0.41301870776606986,-0.2819829158120557,-1.1660691596856667,0.41858878271248656,-1.1611278925288202
zTy2ih7e,-0.49862777722688545,-0.17696747911000887,-1.5391334999086483,-0.6439347538605098,0.684867736993529
zVFzAutw,-0.35359435994058597,-0.05446628803705256,-0.3353585565835191,-0.40729785070856295,0.6181531922654999
zYxNAkht,-0.473753727188579,-0.22357833990000575,-0.6996923752433348,-0.7261405423183298,0.8340292215497316
zaWDBai3,-0.5627611905112522,0.17629352396087494,-0.20583598335054365,-0.01210030968725917,1.569616944503669
zg3u0Zsx,-0.2295794030546281,-0.03233862180153313,-0.34859706731493123,0.009861228401387478,-0.03853826469501609
zlwLfdsS,-0.48714927953409326,-0.4146504364519261,-0.7726505356096185,1.3617705949209586,-0.6098781936706059
zmbKzVfl,-0.5856676553908633,-0.34488362795267324,-2.00866876787632,-0.15305762915777876,0.017905062114228265
